Workbook

Sheet Instrucciones
A1: Plantilla de indicadores de RR.HH. — Djanter Capital
A2: Gratuita. djantercapital.cl/recursos/indicadores-rrhh/
A4: Cómo se usa
A5: 1 | B5: Ve a la hoja 'Datos mensuales' y completa SOLO las columnas blancas (B a J) de cada mes.
A6: 2 | B6: Las columnas grises (K a R) se calculan solas. No las edites.
A7: 3 | B7: La hoja 'Resumen anual' calcula los indicadores del año completo.
A8: 4 | B8: La hoja 'Diccionario' explica cada indicador. Anota ahí también de dónde sacas cada dato.
A10: De dónde sacar los datos
A11: Dotación | B11: Libro de remuneraciones: personas con contrato vigente el primer y el último día del mes.
A12: Ingresos / egresos | B12: Contratos y finiquitos del mes. Renuncias = causal art. 159 n.º 2.
A13: Egresos < 90 días | B13: Egresos del mes cuya fecha de ingreso fue hace menos de 90 días.
A14: Días hábiles | B14: Días hábiles del mes por persona (por ejemplo, 21).
A15: Días perdidos | B15: Días hábiles de licencias médicas y otras ausencias del mes.
A17: Privacidad | B17: La plantilla trabaja con totales. Las licencias médicas son datos sensibles (Ley 19.628): no registres nombres ni diagnósticos.
A18: Fuentes | B18: Definiciones de ausentismo, frecuencia y gravedad: DIPRES (2024) y Servicio Civil (2025).

Sheet Datos mensuales
A1: Mes | B1: Dotación al inicio | C1: Dotación al final | D1: Ingresos | E1: Egresos totales | F1: Renuncias | G1: Egresos < 90 días | H1: Días hábiles por persona | I1: Días perdidos | J1: N.º licencias médicas | K1: Horas extra | L1: Dotación promedio | M1: Tasa de rotación | N1: Rotación voluntaria | O1: Rotación temprana (% egresos) | P1: Tasa de ausentismo | Q1: Índice de frecuencia | R1: Índice de gravedad | S1: Horas extra por trabajador
A2: Enero | B2: 46 | C2: 47 | D2: 3 | E2: 2 | F2: 1 | G2: 1 | H2: 21 | I2: 44 | J2: 5 | K2: 30 | L2: =IF(COUNT(B2:C2)=2,(B2+C2)/2,"") | M2: =IFERROR(E2/L2,"") | N2: =IFERROR(F2/L2,"") | O2: =IFERROR(G2/E2,"") | P2: =IFERROR(I2/(L2*H2),"") | Q2: =IFERROR(J2/L2,"") | R2: =IFERROR(I2/J2,"") | S2: =IFERROR(K2/L2,"")
A3: Febrero | L3: =IF(COUNT(B3:C3)=2,(B3+C3)/2,"") | M3: =IFERROR(E3/L3,"") | N3: =IFERROR(F3/L3,"") | O3: =IFERROR(G3/E3,"") | P3: =IFERROR(I3/(L3*H3),"") | Q3: =IFERROR(J3/L3,"") | R3: =IFERROR(I3/J3,"") | S3: =IFERROR(K3/L3,"")
A4: Marzo | L4: =IF(COUNT(B4:C4)=2,(B4+C4)/2,"") | M4: =IFERROR(E4/L4,"") | N4: =IFERROR(F4/L4,"") | O4: =IFERROR(G4/E4,"") | P4: =IFERROR(I4/(L4*H4),"") | Q4: =IFERROR(J4/L4,"") | R4: =IFERROR(I4/J4,"") | S4: =IFERROR(K4/L4,"")
A5: Abril | L5: =IF(COUNT(B5:C5)=2,(B5+C5)/2,"") | M5: =IFERROR(E5/L5,"") | N5: =IFERROR(F5/L5,"") | O5: =IFERROR(G5/E5,"") | P5: =IFERROR(I5/(L5*H5),"") | Q5: =IFERROR(J5/L5,"") | R5: =IFERROR(I5/J5,"") | S5: =IFERROR(K5/L5,"")
A6: Mayo | L6: =IF(COUNT(B6:C6)=2,(B6+C6)/2,"") | M6: =IFERROR(E6/L6,"") | N6: =IFERROR(F6/L6,"") | O6: =IFERROR(G6/E6,"") | P6: =IFERROR(I6/(L6*H6),"") | Q6: =IFERROR(J6/L6,"") | R6: =IFERROR(I6/J6,"") | S6: =IFERROR(K6/L6,"")
A7: Junio | L7: =IF(COUNT(B7:C7)=2,(B7+C7)/2,"") | M7: =IFERROR(E7/L7,"") | N7: =IFERROR(F7/L7,"") | O7: =IFERROR(G7/E7,"") | P7: =IFERROR(I7/(L7*H7),"") | Q7: =IFERROR(J7/L7,"") | R7: =IFERROR(I7/J7,"") | S7: =IFERROR(K7/L7,"")
A8: Julio | L8: =IF(COUNT(B8:C8)=2,(B8+C8)/2,"") | M8: =IFERROR(E8/L8,"") | N8: =IFERROR(F8/L8,"") | O8: =IFERROR(G8/E8,"") | P8: =IFERROR(I8/(L8*H8),"") | Q8: =IFERROR(J8/L8,"") | R8: =IFERROR(I8/J8,"") | S8: =IFERROR(K8/L8,"")
A9: Agosto | L9: =IF(COUNT(B9:C9)=2,(B9+C9)/2,"") | M9: =IFERROR(E9/L9,"") | N9: =IFERROR(F9/L9,"") | O9: =IFERROR(G9/E9,"") | P9: =IFERROR(I9/(L9*H9),"") | Q9: =IFERROR(J9/L9,"") | R9: =IFERROR(I9/J9,"") | S9: =IFERROR(K9/L9,"")
A10: Septiembre | L10: =IF(COUNT(B10:C10)=2,(B10+C10)/2,"") | M10: =IFERROR(E10/L10,"") | N10: =IFERROR(F10/L10,"") | O10: =IFERROR(G10/E10,"") | P10: =IFERROR(I10/(L10*H10),"") | Q10: =IFERROR(J10/L10,"") | R10: =IFERROR(I10/J10,"") | S10: =IFERROR(K10/L10,"")
A11: Octubre | L11: =IF(COUNT(B11:C11)=2,(B11+C11)/2,"") | M11: =IFERROR(E11/L11,"") | N11: =IFERROR(F11/L11,"") | O11: =IFERROR(G11/E11,"") | P11: =IFERROR(I11/(L11*H11),"") | Q11: =IFERROR(J11/L11,"") | R11: =IFERROR(I11/J11,"") | S11: =IFERROR(K11/L11,"")
A12: Noviembre | L12: =IF(COUNT(B12:C12)=2,(B12+C12)/2,"") | M12: =IFERROR(E12/L12,"") | N12: =IFERROR(F12/L12,"") | O12: =IFERROR(G12/E12,"") | P12: =IFERROR(I12/(L12*H12),"") | Q12: =IFERROR(J12/L12,"") | R12: =IFERROR(I12/J12,"") | S12: =IFERROR(K12/L12,"")
A13: Diciembre | L13: =IF(COUNT(B13:C13)=2,(B13+C13)/2,"") | M13: =IFERROR(E13/L13,"") | N13: =IFERROR(F13/L13,"") | O13: =IFERROR(G13/E13,"") | P13: =IFERROR(I13/(L13*H13),"") | Q13: =IFERROR(J13/L13,"") | R13: =IFERROR(I13/J13,"") | S13: =IFERROR(K13/L13,"")
A15: Ejemplo: la fila de enero trae datos inventados para mostrar el cálculo. Bórralos y escribe los tuyos.

Sheet Resumen anual
A1: Resumen anual
A2: Se calcula con los meses que tengan datos.
A4: Dotación promedio anual | B4: =IFERROR(AVERAGE('Datos mensuales'!L2:L13),"")
A5: Ingresos del año | B5: =SUM('Datos mensuales'!D2:D13)
A6: Egresos del año | B6: =SUM('Datos mensuales'!E2:E13)
A7: Renuncias del año | B7: =SUM('Datos mensuales'!F2:F13)
A8: Tasa de rotación anual | B8: =IFERROR(B6/B4,"")
A9: Rotación voluntaria anual | B9: =IFERROR(B7/B4,"")
A10: Rotación temprana (% de egresos) | B10: =IFERROR(SUM('Datos mensuales'!G2:G13)/B6,"")
A11: Días perdidos del año | B11: =SUM('Datos mensuales'!I2:I13)
A12: Tasa de ausentismo anual | B12: =IFERROR(B11/SUMPRODUCT('Datos mensuales'!L2:L13,'Datos mensuales'!H2:H13),"")
A13: Días perdidos por trabajador | B13: =IFERROR(B11/B4,"")
A14: Índice de frecuencia anual (licencias por trabajador) | B14: =IFERROR(SUM('Datos mensuales'!J2:J13)/B4,"")
A15: Índice de gravedad anual (días por licencia) | B15: =IFERROR(B11/SUM('Datos mensuales'!J2:J13),"")
A16: Meses con datos | B16: =COUNT('Datos mensuales'!L2:L13)
A18: Nota: la rotación anual suma los egresos de los meses con datos. Si tienes menos de 12 meses, no es una tasa anual completa.

Sheet Diccionario
A1: Indicador | B1: Fórmula | C1: Qué pregunta responde | D1: Fuente del dato (complétala)
A2: Dotación promedio | B2: (dotación inicio + dotación final) / 2 | C2: ¿Con cuánta gente trabajamos en el período?
A3: Tasa de rotación | B3: egresos / dotación promedio | C3: ¿Qué proporción del equipo hubo que reemplazar?
A4: Rotación voluntaria | B4: renuncias / dotación promedio | C4: ¿Cuánta gente decide irse?
A5: Rotación temprana | B5: egresos < 90 días / egresos | C5: ¿Fallan el perfil, la selección o la inducción?
A6: Tasa de ausentismo | B6: días perdidos / (dotación promedio × días hábiles) | C6: ¿Qué parte del tiempo de trabajo se pierde?
A7: Índice de frecuencia | B7: licencias / dotación promedio | C7: ¿Cuántas licencias hay por trabajador?
A8: Índice de gravedad | B8: días de licencia / licencias | C8: ¿Cuánto dura en promedio cada licencia?
A9: Horas extra por trabajador | B9: horas extra / dotación promedio | C9: ¿Hay sobrecarga o vacantes cubiertas con horas extra?
